238000,QD,1980,11,01,   12.5429
238000,QD,1980,11,08,   10.0914
238000,QD,1980,11,15,   13.8457
238000,QD,1980,11,22,   9.3171
238000,QD,1980,11,29,   7.2871
238000,QD,1980,12,06,   7.9743
238000,QD,1980,12,13,   16.4286
238000,QD,1980,12,20,   12.3857
238000,QD,1980,12,27,   9.6800
238000,QD,1981,01,03,   20.4000
238000,QD,1981,01,10,   12.1800
238000,QD,1981,01,17,   8.6986
238000,QD,1981,01,24,   8.1643
238000,QD,1981,01,31,   7.8200
238000,QD,1981,02,07,   30.1000
238000,QD,1981,02,14,   13.4114
238000,QD,1981,02,21,   8.9714
238000,QD,1981,02,28,   8.3371
238000,QD,1981,03,07,   42.3600
238000,QD,1981,03,14,   27.2143
238000,QD,1981,03,21,   16.7714
238000,QD,1981,03,28,   14.8143
238000,QD,1981,04,04,   9.5886
238000,QD,1981,04,11,   7.9543
238000,QD,1981,04,18,   6.9386
238000,QD,1981,04,25,   10.7214
238000,QD,1981,05,02,   15.2000
238000,QD,1981,05,09,   8.4129
238000,QD,1981,05,16,   7.7500
238000,QD,1981,05,23,   12.0614
238000,QD,1981,05,30,   7.8157
238000,QD,1981,06,06,   5.4400
238000,QD,1981,06,13,   5.6771
238000,QD,1981,06,20,   7.7071
238000,QD,1981,06,27,   5.7214
238000,QD,1981,07,04,   7.4471
238000,QD,1981,07,11,   7.0571
238000,QD,1981,07,18,   18.8971
238000,QD,1981,07,25,   20.5143
238000,QD,1981,08,01,   16.1857
238000,QD,1981,08,08,   11.4286
238000,QD,1981,08,15,   9.3486
238000,QD,1981,08,22,   10.3400
238000,QD,1981,08,29,   10.1671
238000,QD,1981,09,05,   8.6200
238000,QD,1981,09,12,   9.0243
238000,QD,1981,09,19,   9.2871
238000,QD,1981,09,26,   11.6143
238000,QD,1981,10,03,   9.7786
238000,QD,1981,10,10,   12.5857
238000,QD,1981,10,17,   16.5286
238000,QD,1981,10,24,   18.7714
238000,QD,1981,10,31,   17.6714
238000,QD,1981,11,07,   12.8143
238000,QD,1981,11,14,   16.7571
238000,QD,1981,11,21,   18.7143
238000,QD,1981,11,28,   18.3714
238000,QD,1981,12,05,   16.6143
238000,QD,1981,12,12,   10.2543
238000,QD,1981,12,19,   7.9500
238000,QD,1981,12,26,   8.8829
238000,QD,1982,01,02,   20.9714
238000,QD,1982,01,09,   10.6286
238000,QD,1982,01,16,   8.9486
238000,QD,1982,01,23,   7.6771
238000,QD,1982,01,30,   19.3000
238000,QD,1982,02,06,   11.0286
238000,QD,1982,02,13,   8.3829
238000,QD,1982,02,20,   7.3886
238000,QD,1982,02,27,   12.4000
238000,QD,1982,03,06,   13.5143
238000,QD,1982,03,13,   12.5429
238000,QD,1982,03,20,   15.8429
238000,QD,1982,03,27,   11.4429
238000,QD,1982,04,03,   9.2243
238000,QD,1982,04,10,   10.4857
238000,QD,1982,04,17,   8.0171
238000,QD,1982,04,24,   6.8400
238000,QD,1982,05,01,   7.7257
238000,QD,1982,05,08,   9.6829
238000,QD,1982,05,15,   8.2329
238000,QD,1982,05,22,   6.4971
238000,QD,1982,05,29,   5.7271
238000,QD,1982,06,05,   5.5457
238000,QD,1982,06,12,   7.1143
238000,QD,1982,06,19,   6.5829
238000,QD,1982,06,26,   6.6343
238000,QD,1982,07,03,   6.5657
238000,QD,1982,07,10,   5.3257
238000,QD,1982,07,17,   6.0886
238000,QD,1982,07,24,   5.1043
238000,QD,1982,07,31,   4.9300
238000,QD,1982,08,07,   8.0714
238000,QD,1982,08,14,   5.9014
238000,QD,1982,08,21,   6.0243
238000,QD,1982,08,28,   5.3786
238000,QD,1982,09,04,   5.7629
238000,QD,1982,09,11,   5.7943
238000,QD,1982,09,18,   5.8286
238000,QD,1982,09,25,   5.9143
238000,QD,1982,10,02,   7.0714
238000,QD,1982,10,09,   6.0700
238000,QD,1982,10,16,   5.5400
238000,QD,1982,10,23,   4.9600
238000,QD,1982,10,30,   5.0086
238000,QD,1982,11,06,   5.2857
238000,QD,1982,11,13,   4.7929
238000,QD,1982,11,20,   5.9486
238000,QD,1982,11,27,   5.7257
238000,QD,1982,12,04,   6.3314
238000,QD,1982,12,11,   7.4743
238000,QD,1982,12,18,   7.4914
238000,QD,1982,12,25,   7.1829
238000,QD,1983,01,01,   8.6386
238000,QD,1983,01,08,   9.0229
238000,QD,1983,01,15,   14.0429
238000,QD,1983,01,22,   11.4086
238000,QD,1983,01,29,   13.7571
238000,QD,1983,02,05,   9.4643
238000,QD,1983,02,12,   7.0114
238000,QD,1983,02,19,   5.8143
238000,QD,1983,02,26,   5.5600
238000,QD,1983,03,05,   15.5171
238000,QD,1983,03,12,   10.5829
238000,QD,1983,03,19,   10.2900
238000,QD,1983,03,26,   7.6657
238000,QD,1983,04,02,   10.1529
238000,QD,1983,04,09,   13.7571
238000,QD,1983,04,16,   12.3000
238000,QD,1983,04,23,   8.6229
238000,QD,1983,04,30,   8.3929
238000,QD,1983,05,07,   7.9343
238000,QD,1983,05,14,   6.1371
238000,QD,1983,05,21,   5.5043
238000,QD,1983,05,28,   4.7929
238000,QD,1983,06,04,   3.3229
238000,QD,1983,06,11,   3.0271
238000,QD,1983,06,18,   3.1500
238000,QD,1983,06,25,   3.2371
238000,QD,1983,07,02,   3.4114
238000,QD,1983,07,09,   2.8771
238000,QD,1983,07,16,   3.0186
238000,QD,1983,07,23,   2.8929
238000,QD,1983,07,30,   4.7486
238000,QD,1983,08,06,   7.8886
238000,QD,1983,08,13,   5.5029
238000,QD,1983,08,20,   3.9943
238000,QD,1983,08,27,   3.7229
238000,QD,1983,09,03,   3.5057
238000,QD,1983,09,10,   4.3371
238000,QD,1983,09,17,   4.5771
238000,QD,1983,09,24,   4.2514
238000,QD,1983,10,01,   4.8343
238000,QD,1983,10,08,   4.9200
238000,QD,1983,10,15,   5.1771
238000,QD,1983,10,22,   5.1086
238000,QD,1983,10,29,   4.9029
238000,QD,1983,11,05,   4.8686
238000,QD,1983,11,12,   4.5600
238000,QD,1983,11,19,   4.3371
238000,QD,1983,11,26,   7.5286
238000,QD,1983,12,03,   4.6114
238000,QD,1983,12,10,   4.2857
238000,QD,1983,12,17,   4.4743
238000,QD,1983,12,24,   8.0486
238000,QD,1983,12,31,   5.9000
238000,QD,1984,01,07,   5.0571
238000,QD,1984,01,14,   7.4029
238000,QD,1984,01,21,   5.7600
238000,QD,1984,01,28,   5.1771
238000,QD,1984,02,04,   7.6800
238000,QD,1984,02,11,   6.5771
238000,QD,1984,02,18,   5.1600
238000,QD,1984,02,25,   7.2286
238000,QD,1984,03,03,   7.0457
238000,QD,1984,03,10,   6.7029
238000,QD,1984,03,17,   6.2914
238000,QD,1984,03,24,   6.3114
238000,QD,1984,03,31,   11.8400
238000,QD,1984,04,07,   11.7000
238000,QD,1984,04,14,   8.7600
238000,QD,1984,04,21,   6.2571
238000,QD,1984,04,28,   6.0171
238000,QD,1984,05,05,   7.7029
238000,QD,1984,05,12,   5.9657
238000,QD,1984,05,19,   5.0743
238000,QD,1984,05,26,   5.6057
238000,QD,1984,06,02,   4.6971
238000,QD,1984,06,09,   5.1429
238000,QD,1984,06,16,   4.1486
238000,QD,1984,06,23,   4.0286
238000,QD,1984,06,30,   3.9943
238000,QD,1984,07,07,   3.8586
238000,QD,1984,07,14,   4.2857
238000,QD,1984,07,21,   4.1314
238000,QD,1984,07,28,   4.3371
238000,QD,1984,08,04,   4.7543
238000,QD,1984,08,11,   6.7257
238000,QD,1984,08,18,   4.1214
238000,QD,1984,08,25,   3.0671
238000,QD,1984,09,01,   3.1914
238000,QD,1984,09,08,   4.5086
238000,QD,1984,09,15,   4.3029
238000,QD,1984,09,22,   5.4029
238000,QD,1984,09,29,   8.0343
238000,QD,1984,10,06,   8.5914
238000,QD,1984,10,13,   6.6686
238000,QD,1984,10,20,   5.7943
238000,QD,1984,10,27,   6.4800
238000,QD,1984,11,03,   6.1371
238000,QD,1984,11,10,   4.8229
238000,QD,1984,11,17,   5.9800
238000,QD,1984,11,24,   8.8971
238000,QD,1984,12,01,   5.4857
238000,QD,1984,12,08,   5.0743
238000,QD,1984,12,15,   5.1257
238000,QD,1984,12,22,   5.3143
238000,QD,1984,12,29,   5.3829
238000,QD,1985,01,05,   6.0000
238000,QD,1985,01,12,   6.1200
238000,QD,1985,01,19,   6.1200
238000,QD,1985,01,26,   7.7057
238000,QD,1985,02,02,   19.2829
238000,QD,1985,02,09,   6.2743
238000,QD,1985,02,16,   5.9486
238000,QD,1985,02,23,   9.0886
238000,QD,1985,03,02,   6.6686
238000,QD,1985,03,09,   6.7114
238000,QD,1985,03,16,   9.0429
238000,QD,1985,03,23,   10.3514
238000,QD,1985,03,30,   10.0229
238000,QD,1985,04,06,   7.7571
238000,QD,1985,04,13,   8.0200
238000,QD,1985,04,20,   6.2943
238000,QD,1985,04,27,   8.9000
238000,QD,1985,05,04,   9.5057
238000,QD,1985,05,11,   7.1629
238000,QD,1985,05,18,   5.4000
238000,QD,1985,05,25,   4.8000
238000,QD,1985,06,01,   3.7671
238000,QD,1985,06,08,   4.5429
238000,QD,1985,06,15,   3.7257
238000,QD,1985,06,22,   5.2457
238000,QD,1985,06,29,   4.7943
238000,QD,1985,07,06,   3.8914
238000,QD,1985,07,13,   3.8757
238000,QD,1985,07,20,   4.6457
238000,QD,1985,07,27,   3.8914
238000,QD,1985,08,03,   3.9443
238000,QD,1985,08,10,   4.0457
238000,QD,1985,08,17,   5.5543
238000,QD,1985,08,24,   6.4571
238000,QD,1985,08,31,   5.0057
238000,QD,1985,09,07,   5.5200
238000,QD,1985,09,14,   4.7314
238000,QD,1985,09,21,   4.5771
238000,QD,1985,09,28,   4.7486
238000,QD,1985,10,05,   5.6914
238000,QD,1985,10,12,   5.6229
238000,QD,1985,10,19,   5.3143
238000,QD,1985,10,26,   4.7829
238000,QD,1985,11,02,   5.4857
238000,QD,1985,11,09,   4.9714
238000,QD,1985,11,16,   4.9371
238000,QD,1985,11,23,   5.0800
238000,QD,1985,11,30,   6.7743
238000,QD,1985,12,07,   6.7786
238000,QD,1985,12,14,   8.6257
238000,QD,1985,12,21,   8.6600
238000,QD,1985,12,28,   6.0171
238000,QD,1986,01,04,   6.4114
238000,QD,1986,01,11,   8.7314
238000,QD,1986,01,18,   18.5000
238000,QD,1986,01,25,   11.5971
238000,QD,1986,02,01,   11.3200
238000,QD,1986,02,08,   10.1229
238000,QD,1986,02,15,   9.3543
238000,QD,1986,02,22,   9.5600
238000,QD,1986,03,01,   10.2314
238000,QD,1986,03,08,   9.8200
238000,QD,1986,03,15,   10.2229
238000,QD,1986,03,22,   12.6400
238000,QD,1986,03,29,   11.3143
238000,QD,1986,04,05,   9.5171
238000,QD,1986,04,12,   8.8800
238000,QD,1986,04,19,   9.7800
238000,QD,1986,04,26,   5.9129
238000,QD,1986,05,03,   3.6543
238000,QD,1986,05,10,   4.1143
238000,QD,1986,05,17,   5.2457
238000,QD,1986,05,24,   7.3943
238000,QD,1986,05,31,   15.3571
238000,QD,1986,06,07,   6.4171
238000,QD,1986,06,14,   3.8643
238000,QD,1986,06,21,   2.7757
238000,QD,1986,06,28,   2.0429
238000,QD,1986,07,05,   2.5114
238000,QD,1986,07,12,   2.4029
238000,QD,1986,07,19,   4.0086
238000,QD,1986,07,26,   4.7657
238000,QD,1986,08,02,   7.7457
238000,QD,1986,08,09,   7.3971
238000,QD,1986,08,16,   6.5171
238000,QD,1986,08,23,   7.2543
238000,QD,1986,08,30,   7.2400
238000,QD,1986,09,06,   6.6543
238000,QD,1986,09,13,   8.0714
238000,QD,1986,09,20,   6.8543
238000,QD,1986,09,27,   5.4171
238000,QD,1986,10,04,   5.8286
238000,QD,1986,10,11,   6.4457
238000,QD,1986,10,18,   8.4229
238000,QD,1986,10,25,   11.7714
238000,QD,1986,11,01,   11.3286
238000,QD,1986,11,08,   9.5171
238000,QD,1986,11,15,   8.1200
238000,QD,1986,11,22,   9.7343
238000,QD,1986,11,29,   8.6000
238000,QD,1986,12,06,   7.9600
238000,QD,1986,12,13,   7.7400
238000,QD,1986,12,20,   11.9000
238000,QD,1986,12,27,   26.8143
238000,QD,1987,01,03,   25.7000
238000,QD,1987,01,10,   14.8571
238000,QD,1987,01,17,   12.0571
238000,QD,1987,01,24,   11.9286
238000,QD,1987,01,31,   11.8714
238000,QD,1987,02,07,   11.6714
238000,QD,1987,02,14,   11.0571
238000,QD,1987,02,21,   10.4286
238000,QD,1987,02,28,   9.6543
238000,QD,1987,03,07,   8.0400
238000,QD,1987,03,14,   8.8457
238000,QD,1987,03,21,   20.9429
238000,QD,1987,03,28,   26.5857
238000,QD,1987,04,04,   22.1714
238000,QD,1987,04,11,   19.3000
238000,QD,1987,04,18,   11.9571
238000,QD,1987,04,25,   9.6886
238000,QD,1987,05,02,   10.9314
238000,QD,1987,05,09,   9.1000
238000,QD,1987,05,16,   8.8614
238000,QD,1987,05,23,   9.7314
238000,QD,1987,05,30,   7.1771
238000,QD,1987,06,06,   6.4114
238000,QD,1987,06,13,   10.4286
238000,QD,1987,06,20,   7.1114
238000,QD,1987,06,27,   5.8457
238000,QD,1987,07,04,   4.6114
238000,QD,1987,07,11,   4.6114
238000,QD,1987,07,18,   6.2429
238000,QD,1987,07,25,   5.5200
238000,QD,1987,08,01,   7.4400
238000,QD,1987,08,08,   7.5029
238000,QD,1987,08,15,   9.7914
238000,QD,1987,08,22,   8.5543
238000,QD,1987,08,29,   8.4200
238000,QD,1987,09,05,   9.1543
238000,QD,1987,09,12,   8.0200
238000,QD,1987,09,19,   9.1343
238000,QD,1987,09,26,   10.0400
238000,QD,1987,10,03,   6.5829
238000,QD,1987,10,10,   6.4457
238000,QD,1987,10,17,   7.3571
238000,QD,1987,10,24,   6.7029
238000,QD,1987,10,31,   7.0286
238000,QD,1987,11,07,   7.1229
238000,QD,1987,11,14,   10.4343
238000,QD,1987,11,21,   13.7900
238000,QD,1987,11,28,   7.8414
238000,QD,1987,12,05,   8.2957
238000,QD,1987,12,12,   8.4771
238000,QD,1987,12,19,   22.3857
238000,QD,1987,12,26,   12.2429
238000,QD,1988,01,02,   10.9229
238000,QD,1988,01,09,   8.4157
238000,QD,1988,01,16,   8.6029
238000,QD,1988,01,23,   11.0071
238000,QD,1988,01,30,   11.7429
238000,QD,1988,02,06,   9.5429
238000,QD,1988,02,13,   9.0429
238000,QD,1988,02,20,   11.0143
238000,QD,1988,02,27,   8.7886
238000,QD,1988,03,05,   8.4214
238000,QD,1988,03,12,   9.3743
238000,QD,1988,03,19,   19.5029
238000,QD,1988,03,26,   27.6286
238000,QD,1988,04,02,   19.0000
238000,QD,1988,04,09,   13.1143
238000,QD,1988,04,16,   9.5886
238000,QD,1988,04,23,   9.3543
238000,QD,1988,04,30,   8.3800
238000,QD,1988,05,07,   8.1629
238000,QD,1988,05,14,   8.3514
238000,QD,1988,05,21,   9.1843
238000,QD,1988,05,28,   8.4143
238000,QD,1988,06,04,   8.7200
238000,QD,1988,06,11,   7.0943
238000,QD,1988,06,18,   7.0886
238000,QD,1988,06,25,   7.7714
238000,QD,1988,07,02,   6.6986
238000,QD,1988,07,09,   6.6971
238000,QD,1988,07,16,   6.5200
238000,QD,1988,07,23,   7.1329
238000,QD,1988,07,30,   6.9643
238000,QD,1988,08,06,   6.3757
238000,QD,1988,08,13,   6.1300
238000,QD,1988,08,20,   6.5771
238000,QD,1988,08,27,   8.6500
238000,QD,1988,09,03,   12.3714
238000,QD,1988,09,10,   7.7457
238000,QD,1988,09,17,   7.3543
238000,QD,1988,09,24,   6.7971
238000,QD,1988,10,01,   9.6629
238000,QD,1988,10,08,   10.4200
238000,QD,1988,10,15,   8.5143
238000,QD,1988,10,22,   8.3886
238000,QD,1988,10,29,   8.3629
238000,QD,1988,11,05,   7.6014
238000,QD,1988,11,12,   10.1071
238000,QD,1988,11,19,   9.0157
238000,QD,1988,11,26,   12.2886
238000,QD,1988,12,03,   12.9543
238000,QD,1988,12,10,   19.9571
238000,QD,1988,12,17,   15.7357
238000,QD,1988,12,24,   19.6286
238000,QD,1988,12,31,   12.8000
238000,QD,1989,01,07,   16.4714
238000,QD,1989,01,14,   11.8286
238000,QD,1989,01,21,   9.4071
238000,QD,1989,01,28,   8.9643
238000,QD,1989,02,04,   8.9171
238000,QD,1989,02,11,   9.8743
238000,QD,1989,02,18,   12.7857
238000,QD,1989,02,25,   11.7286
238000,QD,1989,03,04,   11.2429
238000,QD,1989,03,11,   10.5571
238000,QD,1989,03,18,   10.3257
238000,QD,1989,03,25,   10.4729
238000,QD,1989,04,01,   9.4029
238000,QD,1989,04,08,   9.5671
238000,QD,1989,04,15,   8.9629
238000,QD,1989,04,22,   9.2071
238000,QD,1989,04,29,   8.1857
238000,QD,1989,05,06,   6.7029
238000,QD,1989,05,13,   6.5629
238000,QD,1989,05,20,   5.7071
238000,QD,1989,05,27,   5.8386
238000,QD,1989,06,03,   5.4571
238000,QD,1989,06,10,   4.6171
238000,QD,1989,06,17,   4.0514
238000,QD,1989,06,24,   3.6057
238000,QD,1989,07,01,   4.5800
238000,QD,1989,07,08,   6.2757
238000,QD,1989,07,15,   5.8186
238000,QD,1989,07,22,   5.8329
238000,QD,1989,07,29,   6.2200
238000,QD,1989,08,05,   7.2500
238000,QD,1989,08,12,   7.2529
238000,QD,1989,08,19,   6.5414
238000,QD,1989,08,26,   8.1957
238000,QD,1989,09,02,   8.2671
238000,QD,1989,09,09,   7.6029
238000,QD,1989,09,16,   9.2257
238000,QD,1989,09,23,   9.6243
238000,QD,1989,09,30,   10.1814
238000,QD,1989,10,07,   9.2586
238000,QD,1989,10,14,   10.4971
238000,QD,1989,10,21,   9.9200
238000,QD,1989,10,28,   9.9400
238000,QD,1989,11,04,   9.8014
238000,QD,1989,11,11,   6.7786
238000,QD,1989,11,18,   7.0600
238000,QD,1989,11,25,   7.3643
238000,QD,1989,12,02,   12.2986
238000,QD,1989,12,09,   8.3314
238000,QD,1989,12,16,   15.1571
238000,QD,1989,12,23,   10.4286
238000,QD,1989,12,30,   7.0271
238000,QD,1990,01,06,   7.2143
238000,QD,1990,01,13,   6.6600
238000,QD,1990,01,20,   8.0329
238000,QD,1990,01,27,   8.0000
238000,QD,1990,02,03,   6.8100
238000,QD,1990,02,10,   7.3657
238000,QD,1990,02,17,   9.7200
238000,QD,1990,02,24,   9.5300
238000,QD,1990,03,03,   13.7714
238000,QD,1990,03,10,   12.1200
238000,QD,1990,03,17,   7.1657
238000,QD,1990,03,24,   6.6657
238000,QD,1990,03,31,   6.1414
238000,QD,1990,04,07,   5.4443
238000,QD,1990,04,14,   5.4129
238000,QD,1990,04,21,   6.6114
238000,QD,1990,04,28,   9.6971
238000,QD,1990,05,05,   6.6329
238000,QD,1990,05,12,   6.3900
238000,QD,1990,05,19,   6.0100
238000,QD,1990,05,26,   5.8143
238000,QD,1990,06,02,   5.9886
238000,QD,1990,06,09,   6.0271
238000,QD,1990,06,16,   5.5814
238000,QD,1990,06,23,   6.0657
238000,QD,1990,06,30,   5.3814
238000,QD,1990,07,07,   5.4186
238000,QD,1990,07,14,   5.1471
238000,QD,1990,07,21,   5.3171
238000,QD,1990,07,28,   5.6057
238000,QD,1990,08,04,   6.6429
238000,QD,1990,08,11,   5.9400
238000,QD,1990,08,18,   6.8771
238000,QD,1990,08,25,   5.8586
238000,QD,1990,09,01,   5.7143
238000,QD,1990,09,08,   6.8714
238000,QD,1990,09,15,   5.9786
238000,QD,1990,09,22,   7.4543
238000,QD,1990,09,29,   7.5886
238000,QD,1990,10,06,   8.4257
238000,QD,1990,10,13,   9.3057
238000,QD,1990,10,20,   7.2514
238000,QD,1990,10,27,   8.4314
238000,QD,1990,11,03,   8.4400
238000,QD,1990,11,10,   7.3643
238000,QD,1990,11,17,   11.4200
238000,QD,1990,11,24,   10.6000
238000,QD,1990,12,01,   9.2400
238000,QD,1990,12,08,   9.4671
238000,QD,1990,12,15,   8.8986
238000,QD,1990,12,22,   8.5143
238000,QD,1990,12,29,   11.1386
238000,QD,1991,01,05,   12.9429
238000,QD,1991,01,12,   8.9786
238000,QD,1991,01,19,   8.8343
238000,QD,1991,01,26,   6.4300
238000,QD,1991,02,02,   10.9329
238000,QD,1991,02,09,   7.8586
238000,QD,1991,02,16,   6.6143
238000,QD,1991,02,23,   7.3257
238000,QD,1991,03,02,   6.7486
238000,QD,1991,03,09,   8.2314
238000,QD,1991,03,16,   8.6171
238000,QD,1991,03,23,   8.9657
238000,QD,1991,03,30,   6.9157
238000,QD,1991,04,06,   6.6400
238000,QD,1991,04,13,   6.3300
238000,QD,1991,04,20,   6.3986
238000,QD,1991,04,27,   6.4429
238000,QD,1991,05,04,   6.2900
238000,QD,1991,05,11,   7.3014
238000,QD,1991,05,18,   5.3771
238000,QD,1991,05,25,   5.5129
238000,QD,1991,06,01,   4.9971
238000,QD,1991,06,08,   4.8000
238000,QD,1991,06,15,   5.9400
238000,QD,1991,06,22,   6.0086
238000,QD,1991,06,29,   7.2257
238000,QD,1991,07,06,   5.2886
238000,QD,1991,07,13,   5.2200
238000,QD,1991,07,20,   5.0529
238000,QD,1991,07,27,   5.6300
238000,QD,1991,08,03,   8.9371
238000,QD,1991,08,10,   6.8314
238000,QD,1991,08,17,   6.3471
238000,QD,1991,08,24,   6.5400
238000,QD,1991,08,31,   6.2700
238000,QD,1991,09,07,   6.4629
238000,QD,1991,09,14,   6.5100
238000,QD,1991,09,21,   6.6700
238000,QD,1991,09,28,   6.2400
238000,QD,1991,10,05,   6.3500
238000,QD,1991,10,12,   6.7657
238000,QD,1991,10,19,   6.9686
238000,QD,1991,10,26,   8.3886
238000,QD,1991,11,02,   8.0129
238000,QD,1991,11,09,   7.9486
238000,QD,1991,11,16,   8.3471
238000,QD,1991,11,23,   7.4357
238000,QD,1991,11,30,   6.6714
238000,QD,1991,12,07,   7.8771
238000,QD,1991,12,14,   9.1314
238000,QD,1991,12,21,   14.2286
238000,QD,1991,12,28,   11.4657
238000,QD,1992,01,04,   19.5543
238000,QD,1992,01,11,   13.2286
238000,QD,1992,01,18,   11.4571
238000,QD,1992,01,25,   5.9486
238000,QD,1992,02,01,   6.4414
238000,QD,1992,02,08,   9.5729
238000,QD,1992,02,15,   10.7443
238000,QD,1992,02,22,   10.0086
238000,QD,1992,02,29,   9.2714
238000,QD,1992,03,07,   9.9529
238000,QD,1992,03,14,   11.9600
238000,QD,1992,03,21,   19.8571
238000,QD,1992,03,28,   13.2986
238000,QD,1992,04,04,   7.4057
238000,QD,1992,04,11,   6.4943
238000,QD,1992,04,18,   6.5614
238000,QD,1992,04,25,   5.4786
238000,QD,1992,05,02,   5.0329
238000,QD,1992,05,09,   5.0214
238000,QD,1992,05,16,   4.5329
238000,QD,1992,05,23,   4.1014
238000,QD,1992,05,30,   4.2214
238000,QD,1992,06,06,   4.7257
238000,QD,1992,06,13,   4.2857
238000,QD,1992,06,20,   5.2386
238000,QD,1992,06,27,   4.4671
238000,QD,1992,07,04,   5.8829
238000,QD,1992,07,11,   4.8257
238000,QD,1992,07,18,   4.8886
238000,QD,1992,07,25,   4.8286
238000,QD,1992,08,01,   4.6429
238000,QD,1992,08,08,   4.7657
238000,QD,1992,08,15,   4.2543
238000,QD,1992,08,22,   4.4586
238000,QD,1992,08,29,   4.8486
238000,QD,1992,09,05,   5.7400
238000,QD,1992,09,12,   5.9043
238000,QD,1992,09,19,   5.0200
238000,QD,1992,09,26,   5.2571
238000,QD,1992,10,03,   5.8986
238000,QD,1992,10,10,   6.0286
238000,QD,1992,10,17,   6.2657
238000,QD,1992,10,24,   6.7057
238000,QD,1992,10,31,   7.0471
238000,QD,1992,11,07,   6.5571
238000,QD,1992,11,14,   6.5557
238000,QD,1992,11,21,   7.1686
238000,QD,1992,11,28,   6.3486
238000,QD,1992,12,05,   6.0657
238000,QD,1992,12,12,   7.6586
238000,QD,1992,12,19,   5.2857
238000,QD,1992,12,26,   4.6071
238000,QD,1993,01,02,   9.1071
238000,QD,1993,01,09,   14.0543
238000,QD,1993,01,16,   9.7843
238000,QD,1993,01,23,   7.1157
238000,QD,1993,01,30,   6.1886
238000,QD,1993,02,06,   5.3814
238000,QD,1993,02,13,   5.3729
238000,QD,1993,02,20,   5.5857
238000,QD,1993,02,27,   5.0429
238000,QD,1993,03,06,   5.0743
238000,QD,1993,03,13,   10.1943
238000,QD,1993,03,20,   12.3171
238000,QD,1993,03,27,   6.8057
238000,QD,1993,04,03,   6.2971
238000,QD,1993,04,10,   5.6686
238000,QD,1993,04,17,   5.4729
238000,QD,1993,04,24,   5.1643
238000,QD,1993,05,01,   4.1686
238000,QD,1993,05,08,   3.9600
238000,QD,1993,05,15,   4.4586
238000,QD,1993,05,22,   4.6100
238000,QD,1993,05,29,   4.1729
238000,QD,1993,06,05,   3.9657
238000,QD,1993,06,12,   4.4014
238000,QD,1993,06,19,   4.2314
238000,QD,1993,06,26,   4.2529
238000,QD,1993,07,03,   5.7171
238000,QD,1993,07,10,   9.2543
238000,QD,1993,07,17,   6.5371
238000,QD,1993,07,24,   5.6886
238000,QD,1993,07,31,   6.1057
238000,QD,1993,08,07,   6.2886
238000,QD,1993,08,14,   4.5943
238000,QD,1993,08,21,   4.1657
238000,QD,1993,08,28,   4.7086
238000,QD,1993,09,04,   5.2229
238000,QD,1993,09,11,   6.5871
238000,QD,1993,09,18,   4.6343
238000,QD,1993,09,25,   5.5786
238000,QD,1993,10,02,   5.3529
238000,QD,1993,10,09,   5.3914
238000,QD,1993,10,16,   5.7571
238000,QD,1993,10,23,   8.0414
238000,QD,1993,10,30,   6.5100
238000,QD,1993,11,06,   7.2029
238000,QD,1993,11,13,   8.3414
238000,QD,1993,11,20,   6.0029
238000,QD,1993,11,27,   5.3114
238000,QD,1993,12,04,   7.9329
238000,QD,1993,12,11,   16.5571
238000,QD,1993,12,18,   15.0143
238000,QD,1993,12,25,   11.6171
238000,QD,1994,01,01,   12.8714
238000,QD,1994,01,08,   10.5200
238000,QD,1994,01,15,   7.9386
238000,QD,1994,01,22,   10.6943
238000,QD,1994,01,29,   12.0000
238000,QD,1994,02,05,   8.5414
238000,QD,1994,02,12,   8.9100
238000,QD,1994,02,19,   7.2229
238000,QD,1994,02,26,   10.2029
238000,QD,1994,03,05,   15.3143
238000,QD,1994,03,12,   20.0286
238000,QD,1994,03,19,   16.9857
238000,QD,1994,03,26,   10.4214
238000,QD,1994,04,02,   8.0114
238000,QD,1994,04,09,   10.4043
238000,QD,1994,04,16,   13.1814
238000,QD,1994,04,23,   7.2629
238000,QD,1994,04,30,   6.3443
238000,QD,1994,05,07,   5.6557
238000,QD,1994,05,14,   5.3157
238000,QD,1994,05,21,   5.8443
238000,QD,1994,05,28,   5.5214
238000,QD,1994,06,04,   4.8843
238000,QD,1994,06,11,   4.6814
238000,QD,1994,06,18,   4.6586
238000,QD,1994,06,25,   4.3586
238000,QD,1994,07,02,   4.1500
238000,QD,1994,07,09,   4.1643
238000,QD,1994,07,16,   4.5371
238000,QD,1994,07,23,   4.0086
238000,QD,1994,07,30,   3.9071
238000,QD,1994,08,06,   4.5000
238000,QD,1994,08,13,   4.7114
238000,QD,1994,08,20,   5.6143
238000,QD,1994,08,27,   6.0843
238000,QD,1994,09,03,   6.1757
238000,QD,1994,09,10,   6.0186
238000,QD,1994,09,17,   5.3686
238000,QD,1994,09,24,   5.8171
238000,QD,1994,10,01,   6.9057
238000,QD,1994,10,08,   7.1829
238000,QD,1994,10,15,   6.9429
238000,QD,1994,10,22,   6.4729
238000,QD,1994,10,29,   7.4929
238000,QD,1994,11,05,   5.9571
238000,QD,1994,11,12,   6.6914
238000,QD,1994,11,19,   7.2300
238000,QD,1994,11,26,   6.7200
238000,QD,1994,12,03,   6.8143
238000,QD,1994,12,10,   8.9643
238000,QD,1994,12,17,   6.7514
238000,QD,1994,12,24,   10.9871
238000,QD,1994,12,31,   11.3300
238000,QD,1995,01,07,   6.8814
238000,QD,1995,01,14,   6.1629
238000,QD,1995,01,21,   11.7471
238000,QD,1995,01,28,   21.0857
238000,QD,1995,02,04,   14.2571
238000,QD,1995,02,11,   12.1714
238000,QD,1995,02,18,   9.9386
238000,QD,1995,02,25,   9.1600
238000,QD,1995,03,04,   6.7457
238000,QD,1995,03,11,   6.0557
238000,QD,1995,03,18,   7.3157
238000,QD,1995,03,25,   7.3786
238000,QD,1995,04,01,   8.6857
238000,QD,1995,04,08,   8.4700
238000,QD,1995,04,15,   12.0686
238000,QD,1995,04,22,   8.2586
238000,QD,1995,04,29,   6.5700
238000,QD,1995,05,06,   6.5343
238000,QD,1995,05,13,   10.5629
238000,QD,1995,05,20,   6.8300
238000,QD,1995,05,27,   6.4557
238000,QD,1995,06,03,   6.9614
238000,QD,1995,06,10,   21.6300
238000,QD,1995,06,17,   14.9014
238000,QD,1995,06,24,   9.5986
238000,QD,1995,07,01,   6.0014
238000,QD,1995,07,08,   5.4614
238000,QD,1995,07,15,   5.2171
238000,QD,1995,07,22,   4.9429
238000,QD,1995,07,29,   4.8743
238000,QD,1995,08,05,   5.1886
238000,QD,1995,08,12,   5.1286
238000,QD,1995,08,19,   4.9871
238000,QD,1995,08,26,   6.8614
238000,QD,1995,09,02,   8.1557
238000,QD,1995,09,09,   5.2943
238000,QD,1995,09,16,   6.6300
238000,QD,1995,09,23,   7.9929
238000,QD,1995,09,30,   8.6429
238000,QD,1995,10,07,   6.3257
238000,QD,1995,10,14,   6.0886
238000,QD,1995,10,21,   5.4400
238000,QD,1995,10,28,   5.8657
238000,QD,1995,11,04,   9.1300
238000,QD,1995,11,11,   8.6714
238000,QD,1995,11,18,   7.9157
238000,QD,1995,11,25,   6.9986
238000,QD,1995,12,02,   6.2629
238000,QD,1995,12,09,   5.9071
238000,QD,1995,12,16,   5.8014
238000,QD,1995,12,23,   8.2129
238000,QD,1995,12,30,   6.3271
238000,QD,1996,01,06,   6.0714
238000,QD,1996,01,13,   5.8000
238000,QD,1996,01,20,   5.5286
238000,QD,1996,01,27,   5.2671
238000,QD,1996,02,03,   5.1257
238000,QD,1996,02,10,   5.0171
238000,QD,1996,02,17,   4.9071
238000,QD,1996,02,24,   4.8000
238000,QD,1996,03,02,   4.7600
238000,QD,1996,03,09,   4.6743
238000,QD,1996,03,16,   12.2200
238000,QD,1996,03,23,   19.6286
238000,QD,1996,03,30,   8.9386
238000,QD,1996,04,06,   10.3100
238000,QD,1996,04,13,   9.1986
238000,QD,1996,04,20,   7.6271
238000,QD,1996,04,27,   5.0314
238000,QD,1996,05,04,   10.5671
238000,QD,1996,05,11,   8.3371
238000,QD,1996,05,18,   13.3043
238000,QD,1996,05,25,   8.3971
238000,QD,1996,06,01,   7.5686
238000,QD,1996,06,08,   6.5300
238000,QD,1996,06,15,   4.5129
238000,QD,1996,06,22,   5.3557
238000,QD,1996,06,29,   4.9986
238000,QD,1996,07,06,   9.8786
238000,QD,1996,07,13,   11.7857
238000,QD,1996,07,20,   6.0600
238000,QD,1996,07,27,   5.5857
238000,QD,1996,08,03,   5.0114
238000,QD,1996,08,10,   4.9900
238000,QD,1996,08,17,   5.3186
238000,QD,1996,08,24,   6.5100
238000,QD,1996,08,31,   6.1943
238000,QD,1996,09,07,   7.5343
238000,QD,1996,09,14,   6.6900
238000,QD,1996,09,21,   7.1986
238000,QD,1996,09,28,   8.2029
238000,QD,1996,10,05,   7.0257
238000,QD,1996,10,12,   6.7286
238000,QD,1996,10,19,   7.5371
238000,QD,1996,10,26,   8.1029
238000,QD,1996,11,02,   7.0986
238000,QD,1996,11,09,   6.7771
238000,QD,1996,11,16,   6.7657
238000,QD,1996,11,23,   6.5657
238000,QD,1996,11,30,   6.2614
238000,QD,1996,12,07,   6.4200
238000,QD,1996,12,14,   6.6114
238000,QD,1996,12,21,   6.7129
238000,QD,1996,12,28,   6.2300
238000,QD,1997,01,04,   5.8814
238000,QD,1997,01,11,   5.5671
238000,QD,1997,01,18,   5.3500
238000,QD,1997,01,25,   5.0486
238000,QD,1997,02,01,   4.7986
238000,QD,1997,02,08,   9.0429
238000,QD,1997,02,15,   15.9900
238000,QD,1997,02,22,   23.6000
238000,QD,1997,03,01,   13.4486
238000,QD,1997,03,08,   7.3957
238000,QD,1997,03,15,   7.8871
238000,QD,1997,03,22,   7.0857
238000,QD,1997,03,29,   8.0457
238000,QD,1997,04,05,   11.1486
238000,QD,1997,04,12,   9.2886
238000,QD,1997,04,19,   7.8857
238000,QD,1997,04,26,   7.5757
238000,QD,1997,05,03,   7.2114
238000,QD,1997,05,10,   6.0786
238000,QD,1997,05,17,   5.2257
238000,QD,1997,05,24,   5.5443
238000,QD,1997,05,31,   5.5229
238000,QD,1997,06,07,   7.1271
238000,QD,1997,06,14,   5.6514
238000,QD,1997,06,21,   5.6671
238000,QD,1997,06,28,   7.7214
238000,QD,1997,07,05,   8.7443
238000,QD,1997,07,12,   6.1471
238000,QD,1997,07,19,   21.0857
238000,QD,1997,07,26,   10.2586
238000,QD,1997,08,02,   7.2629
238000,QD,1997,08,09,   5.7929
238000,QD,1997,08,16,   5.0443
238000,QD,1997,08,23,   5.0157
238000,QD,1997,08,30,   5.8829
238000,QD,1997,09,06,   4.9357
238000,QD,1997,09,13,   4.9614
238000,QD,1997,09,20,   4.6829
238000,QD,1997,09,27,   6.0300
238000,QD,1997,10,04,   6.5871
238000,QD,1997,10,11,   8.1400
238000,QD,1997,10,18,   6.4700
238000,QD,1997,10,25,   6.3800
238000,QD,1997,11,01,   7.7900
238000,QD,1997,11,08,   5.7943
238000,QD,1997,11,15,   6.8571
238000,QD,1997,11,22,   5.1443
238000,QD,1997,11,29,   5.8014
238000,QD,1997,12,06,   7.4800
238000,QD,1997,12,13,   9.7657
238000,QD,1997,12,20,   7.8414
238000,QD,1997,12,27,   7.7157
238000,QD,1998,01,03,   7.7657
238000,QD,1998,01,10,   6.5729
238000,QD,1998,01,17,   6.6829
238000,QD,1998,01,24,   5.4457
238000,QD,1998,01,31,   5.5043
238000,QD,1998,02,07,   6.0886
238000,QD,1998,02,14,   9.7757
238000,QD,1998,02,21,   7.0229
238000,QD,1998,02,28,   8.2443
238000,QD,1998,03,07,   13.1800
238000,QD,1998,03,14,   12.5329
238000,QD,1998,03,21,   8.4614
238000,QD,1998,03,28,   7.6357
238000,QD,1998,04,04,   7.8857
238000,QD,1998,04,11,   7.2757
238000,QD,1998,04,18,   5.7014
238000,QD,1998,04,25,   5.0743
238000,QD,1998,05,02,   4.5243
238000,QD,1998,05,09,   4.3957
238000,QD,1998,05,16,   4.2729
238000,QD,1998,05,23,   4.4257
238000,QD,1998,05,30,   4.6143
238000,QD,1998,06,06,   4.5543
238000,QD,1998,06,13,   5.1300
238000,QD,1998,06,20,   5.2286
238000,QD,1998,06,27,   5.1571
238000,QD,1998,07,04,   5.3229
238000,QD,1998,07,11,   5.1657
238000,QD,1998,07,18,   4.2586
238000,QD,1998,07,25,   4.5086
238000,QD,1998,08,01,   4.6771
238000,QD,1998,08,08,   4.4286
238000,QD,1998,08,15,   4.0514
238000,QD,1998,08,22,   4.2271
238000,QD,1998,08,29,   4.2443
238000,QD,1998,09,05,   6.3500
238000,QD,1998,09,12,   14.1600
238000,QD,1998,09,19,   9.2614
238000,QD,1998,09,26,   6.2114
238000,QD,1998,10,03,   6.7214
238000,QD,1998,10,10,   9.5843
238000,QD,1998,10,17,   8.7071
238000,QD,1998,10,24,   13.9929
238000,QD,1998,10,31,   29.5429
238000,QD,1998,11,07,   14.9571
238000,QD,1998,11,14,   11.5000
238000,QD,1998,11,21,   7.5271
238000,QD,1998,11,28,   6.7200
238000,QD,1998,12,05,   6.3486
238000,QD,1998,12,12,   18.4986
238000,QD,1998,12,19,   11.1171
238000,QD,1998,12,26,   8.0343
238000,QD,1999,01,02,   7.9171
238000,QD,1999,01,09,   9.1786
238000,QD,1999,01,16,   8.4471
238000,QD,1999,01,23,   7.7471
238000,QD,1999,01,30,   9.5029
238000,QD,1999,02,06,   14.6243
238000,QD,1999,02,13,   7.8943
238000,QD,1999,02,20,   10.5214
238000,QD,1999,02,27,   25.7957
238000,QD,1999,03,06,   26.9429
238000,QD,1999,03,13,   12.3629
238000,QD,1999,03,20,   9.6157
238000,QD,1999,03,27,   8.1786
238000,QD,1999,04,03,   7.0800
238000,QD,1999,04,10,   6.6157
238000,QD,1999,04,17,   7.1800
238000,QD,1999,04,24,   6.6971
238000,QD,1999,05,01,   5.9600
238000,QD,1999,05,08,   6.2700
238000,QD,1999,05,15,   5.6957
238000,QD,1999,05,22,   5.5029
238000,QD,1999,05,29,   5.3257
238000,QD,1999,06,05,   5.6457
238000,QD,1999,06,12,   5.7900
238000,QD,1999,06,19,   6.6757
238000,QD,1999,06,26,   5.4771
238000,QD,1999,07,03,   5.6671
238000,QD,1999,07,10,   6.6214
238000,QD,1999,07,17,   5.9900
238000,QD,1999,07,24,   4.6214
238000,QD,1999,07,31,   4.5314
238000,QD,1999,08,07,   4.6571
238000,QD,1999,08,14,   4.8814
238000,QD,1999,08,21,   4.4943
238000,QD,1999,08,28,   4.5929
238000,QD,1999,09,04,   4.6000
238000,QD,1999,09,11,   4.5686
238000,QD,1999,09,18,   5.2386
238000,QD,1999,09,25,   5.5400
238000,QD,1999,10,02,   6.3300
238000,QD,1999,10,09,   6.7014
238000,QD,1999,10,16,   5.8900
238000,QD,1999,10,23,   5.8543
238000,QD,1999,10,30,   6.5329
238000,QD,1999,11,06,   6.6514
238000,QD,1999,11,13,   6.9557
238000,QD,1999,11,20,   6.4271
238000,QD,1999,11,27,   6.0571
238000,QD,1999,12,04,   5.8314
238000,QD,1999,12,11,   5.9257
238000,QD,1999,12,18,   5.5043
238000,QD,1999,12,25,   5.4843
238000,QD,2000,01,01,   5.7357
238000,QD,2000,01,08,   5.6157
238000,QD,2000,01,15,   10.9486
238000,QD,2000,01,22,   8.6643
238000,QD,2000,01,29,   21.3171
238000,QD,2000,02,05,   14.5429
238000,QD,2000,02,12,   12.3571
238000,QD,2000,02,19,   10.1043
238000,QD,2000,02,26,   13.4857
238000,QD,2000,03,04,   17.7000
238000,QD,2000,03,11,   34.1000
238000,QD,2000,03,18,   19.2143
238000,QD,2000,03,25,   25.3143
238000,QD,2000,04,01,   20.3143
238000,QD,2000,04,08,   10.2757
238000,QD,2000,04,15,   7.0100
238000,QD,2000,04,22,   5.9629
238000,QD,2000,04,29,   5.5757
238000,QD,2000,05,06,   5.2743
238000,QD,2000,05,13,   5.3129
238000,QD,2000,05,20,   6.7486
238000,QD,2000,05,27,   5.7514
238000,QD,2000,06,03,   6.4043
238000,QD,2000,06,10,   5.5214
238000,QD,2000,06,17,   5.1700
238000,QD,2000,06,24,   5.1900
238000,QD,2000,07,01,   4.6729
238000,QD,2000,07,08,   6.3300
238000,QD,2000,07,15,   5.9457
238000,QD,2000,07,22,   5.9129
238000,QD,2000,07,29,   5.4471
238000,QD,2000,08,05,   5.0371
238000,QD,2000,08,12,   4.5843
238000,QD,2000,08,19,   4.9543
238000,QD,2000,08,26,   4.5357
238000,QD,2000,09,02,   5.2200
238000,QD,2000,09,09,   4.7671
238000,QD,2000,09,16,   4.9143
238000,QD,2000,09,23,   5.2086
238000,QD,2000,09,30,   5.9443
238000,QD,2000,10,07,   6.3471
238000,QD,2000,10,14,   6.0529
238000,QD,2000,10,21,   5.2971
238000,QD,2000,10,28,   5.6914
238000,QD,2000,11,04,   6.2429
238000,QD,2000,11,11,   5.9543
238000,QD,2000,11,18,   6.4857
238000,QD,2000,11,25,   5.8571
238000,QD,2000,12,02,   4.6429
238000,QD,2000,12,09,   4.8357
238000,QD,2000,12,16,   4.9943
238000,QD,2000,12,23,   4.5500
238000,QD,2000,12,30,   4.4286
238000,QD,2001,01,06,   5.5143
238000,QD,2001,01,13,   4.4157
238000,QD,2001,01,20,   4.5086
238000,QD,2001,01,27,   4.8943
238000,QD,2001,02,03,   6.5971
238000,QD,2001,02,10,   6.7086
238000,QD,2001,02,17,   5.4957
238000,QD,2001,02,24,   4.9200
238000,QD,2001,03,03,   5.2614
238000,QD,2001,03,10,   8.3586
238000,QD,2001,03,17,   8.8686
238000,QD,2001,03,24,   12.2943
238000,QD,2001,03,31,   6.7400
238000,QD,2001,04,07,   8.9729
238000,QD,2001,04,14,   7.0571
238000,QD,2001,04,21,   5.9186
238000,QD,2001,04,28,   5.5814
238000,QD,2001,05,05,   5.9186
238000,QD,2001,05,12,   5.4914
238000,QD,2001,05,19,   5.0043
238000,QD,2001,05,26,   5.3357
238000,QD,2001,06,02,   5.2371
238000,QD,2001,06,09,   5.6600
238000,QD,2001,06,16,   5.5357
238000,QD,2001,06,23,   5.0900
238000,QD,2001,06,30,   5.3014
238000,QD,2001,07,07,   5.0557
238000,QD,2001,07,14,   5.2243
238000,QD,2001,07,21,   5.0457
238000,QD,2001,07,28,   4.4871
238000,QD,2001,08,04,   4.3600
238000,QD,2001,08,11,   4.3300
238000,QD,2001,08,18,   9.2800
238000,QD,2001,08,25,   5.4471
238000,QD,2001,09,01,   19.3371
238000,QD,2001,09,08,   21.1514
238000,QD,2001,09,15,   15.0286
238000,QD,2001,09,22,   13.0457
238000,QD,2001,09,29,   9.2957
238000,QD,2001,10,06,   9.0129
238000,QD,2001,10,13,   6.9571
238000,QD,2001,10,20,   7.0557
238000,QD,2001,10,27,   6.3157
238000,QD,2001,11,03,   6.6757
238000,QD,2001,11,10,   7.5986
238000,QD,2001,11,17,   7.5314
238000,QD,2001,11,24,   9.6800
238000,QD,2001,12,01,   14.3286
238000,QD,2001,12,08,   13.3986
238000,QD,2001,12,15,   8.8471
238000,QD,2001,12,22,   8.8529
238000,QD,2001,12,29,   8.8843
238000,QD,2002,01,05,   10.5700
238000,QD,2002,01,12,   7.7600
238000,QD,2002,01,19,   20.7729
238000,QD,2002,01,26,   35.1286
238000,QD,2002,02,02,   13.1000
238000,QD,2002,02,09,   16.7143
238000,QD,2002,02,16,   10.4729
238000,QD,2002,02,23,   19.4143
238000,QD,2002,03,02,   13.0386
238000,QD,2002,03,09,   7.8043
238000,QD,2002,03,16,   6.9929
238000,QD,2002,03,23,   7.2229
238000,QD,2002,03,30,   6.9129
238000,QD,2002,04,06,   6.6471
238000,QD,2002,04,13,   10.5371
238000,QD,2002,04,20,   7.1229
238000,QD,2002,04,27,   6.7300
238000,QD,2002,05,04,   6.6243
238000,QD,2002,05,11,   5.7843
238000,QD,2002,05,18,   4.7757
238000,QD,2002,05,25,   5.2329
238000,QD,2002,06,01,   4.7400
238000,QD,2002,06,08,   5.3900
238000,QD,2002,06,15,   4.7257
238000,QD,2002,06,22,   4.5457
238000,QD,2002,06,29,   4.6014
238000,QD,2002,07,06,   4.5371
238000,QD,2002,07,13,   5.1214
238000,QD,2002,07,20,   4.8300
238000,QD,2002,07,27,   4.7214
238000,QD,2002,08,03,   6.1029
238000,QD,2002,08,10,   8.5886
238000,QD,2002,08,17,   6.3129
238000,QD,2002,08,24,   4.5671
238000,QD,2002,08,31,   4.4686
238000,QD,2002,09,07,   4.2114
238000,QD,2002,09,14,   4.3843
238000,QD,2002,09,21,   4.7857
238000,QD,2002,09,28,   5.9386
238000,QD,2002,10,05,   6.5471
238000,QD,2002,10,12,   6.5171
238000,QD,2002,10,19,   7.2171
238000,QD,2002,10,26,   7.6343
238000,QD,2002,11,02,   7.0743
238000,QD,2002,11,09,   10.6757
238000,QD,2002,11,16,   9.0186
238000,QD,2002,11,23,   10.2029
238000,QD,2002,11,30,   10.6629
238000,QD,2002,12,07,   9.1386
238000,QD,2002,12,14,   8.4086
238000,QD,2002,12,21,   5.0714
238000,QD,2002,12,28,   7.1229
238000,QD,2003,01,04,   17.0429
238000,QD,2003,01,11,   9.5171
238000,QD,2003,01,18,   6.4971
238000,QD,2003,01,25,   12.4043
238000,QD,2003,02,01,   7.9000
238000,QD,2003,02,08,   5.9129
238000,QD,2003,02,15,   5.0186
238000,QD,2003,02,22,   4.8686
238000,QD,2003,03,01,   7.2514
238000,QD,2003,03,08,   10.4229
238000,QD,2003,03,15,   8.4000
238000,QD,2003,03,22,   6.9686
238000,QD,2003,03,29,   6.6371
238000,QD,2003,04,05,   6.3029
238000,QD,2003,04,12,   5.8314
238000,QD,2003,04,19,   5.5000
238000,QD,2003,04,26,   5.1443
238000,QD,2003,05,03,   4.5943
238000,QD,2003,05,10,   5.1100
238000,QD,2003,05,17,   4.9557
238000,QD,2003,05,24,   4.5114
238000,QD,2003,05,31,   4.0657
238000,QD,2003,06,07,   3.8814
238000,QD,2003,06,14,   3.5100
238000,QD,2003,06,21,   3.5943
238000,QD,2003,06,28,   3.9429
238000,QD,2003,07,05,   3.8400
238000,QD,2003,07,12,   3.6057
238000,QD,2003,07,19,   3.7800
238000,QD,2003,07,26,   4.1029
238000,QD,2003,08,02,   4.1843
238000,QD,2003,08,09,   3.9886
238000,QD,2003,08,16,   4.1014
238000,QD,2003,08,23,   4.0443
238000,QD,2003,08,30,   4.0586
238000,QD,2003,09,06,   4.2543
238000,QD,2003,09,13,   4.4171
238000,QD,2003,09,20,   4.3671
238000,QD,2003,09,27,   5.2229
238000,QD,2003,10,04,   5.9671
238000,QD,2003,10,11,   6.3000
238000,QD,2003,10,18,   6.1600
238000,QD,2003,10,25,   4.7714
238000,QD,2003,11,01,   4.1286
238000,QD,2003,11,08,   4.1943
238000,QD,2003,11,15,   4.3043
238000,QD,2003,11,22,   4.2786
238000,QD,2003,11,29,   4.3857
238000,QD,2003,12,06,   4.4357
238000,QD,2003,12,13,   6.0329
238000,QD,2003,12,20,   4.8471
238000,QD,2003,12,27,   4.5214
238000,QD,2004,01,03,   4.7929
238000,QD,2004,01,10,   6.6800
238000,QD,2004,01,17,   5.9929
238000,QD,2004,01,24,   6.4257
238000,QD,2004,01,31,   11.7100
238000,QD,2004,02,07,   15.5043
238000,QD,2004,02,14,   7.6071
238000,QD,2004,02,21,   7.5043
238000,QD,2004,02,28,   5.8529
238000,QD,2004,03,06,   5.6657
238000,QD,2004,03,13,   9.2800
238000,QD,2004,03,20,   9.5443
238000,QD,2004,03,27,   7.1771
238000,QD,2004,04,03,   5.6157
238000,QD,2004,04,10,   5.0629
238000,QD,2004,04,17,   4.7386
238000,QD,2004,04,24,   5.0129
238000,QD,2004,05,01,   4.9671
238000,QD,2004,05,08,   5.2743
238000,QD,2004,05,15,   4.5214
238000,QD,2004,05,22,   4.5743
238000,QD,2004,05,29,   4.7371
238000,QD,2004,06,05,   4.7286
238000,QD,2004,06,12,   4.6414
238000,QD,2004,06,19,   4.4214
238000,QD,2004,06,26,   4.1129
238000,QD,2004,07,03,   4.2057
238000,QD,2004,07,10,   4.1471
238000,QD,2004,07,17,   4.0429
238000,QD,2004,07,24,   4.2057
238000,QD,2004,07,31,   3.9857
238000,QD,2004,08,07,   3.7300
238000,QD,2004,08,14,   3.6029
238000,QD,2004,08,21,   3.7457
238000,QD,2004,08,28,   3.9686
238000,QD,2004,09,04,   3.7057
238000,QD,2004,09,11,   4.1029
238000,QD,2004,09,18,   4.6343
238000,QD,2004,09,25,   5.6414
238000,QD,2004,10,02,   5.7557
238000,QD,2004,10,09,   5.5300
238000,QD,2004,10,16,   5.5029
238000,QD,2004,10,23,   5.2043
238000,QD,2004,10,30,   5.5329
238000,QD,2004,11,06,   7.1129
238000,QD,2004,11,13,   8.6986
238000,QD,2004,11,20,   16.4043
238000,QD,2004,11,27,   9.5457
238000,QD,2004,12,04,   5.7286
238000,QD,2004,12,11,   5.1457
238000,QD,2004,12,18,   5.2371
238000,QD,2004,12,25,   8.0814
238000,QD,2005,01,01,   9.4571
238000,QD,2005,01,08,   7.7700
238000,QD,2005,01,15,   7.1186
238000,QD,2005,01,22,   10.1686
238000,QD,2005,01,29,   7.1414
238000,QD,2005,02,05,   5.8586
238000,QD,2005,02,12,   16.1514
238000,QD,2005,02,19,   7.2143
238000,QD,2005,02,26,   6.1200
238000,QD,2005,03,05,   5.7800
238000,QD,2005,03,12,   9.4543
238000,QD,2005,03,19,   29.8714
238000,QD,2005,03,26,   12.4043
238000,QD,2005,04,02,   6.2043
238000,QD,2005,04,09,   5.7057
238000,QD,2005,04,16,   5.0100
238000,QD,2005,04,23,   4.7071
238000,QD,2005,04,30,   4.6357
238000,QD,2005,05,07,   5.3271
238000,QD,2005,05,14,   4.6629
238000,QD,2005,05,21,   4.4586
238000,QD,2005,05,28,   4.2586
238000,QD,2005,06,04,   4.5100
238000,QD,2005,06,11,   4.3757
238000,QD,2005,06,18,   4.1529
238000,QD,2005,06,25,   4.0271
238000,QD,2005,07,02,   4.3186
238000,QD,2005,07,09,   4.9100
238000,QD,2005,07,16,   3.6900
238000,QD,2005,07,23,   4.3400
238000,QD,2005,07,30,   4.1486
238000,QD,2005,08,06,   4.1486
238000,QD,2005,08,13,   3.9314
238000,QD,2005,08,20,   4.6143
238000,QD,2005,08,27,   4.1957
238000,QD,2005,09,03,   4.2543
238000,QD,2005,09,10,   4.6329
238000,QD,2005,09,17,   4.5886
238000,QD,2005,09,24,   4.9829
238000,QD,2005,10,01,   6.9614
238000,QD,2005,10,08,   6.1586
238000,QD,2005,10,15,   4.9386
238000,QD,2005,10,22,   5.4700
238000,QD,2005,10,29,   4.3257
238000,QD,2005,11,05,   4.7743
238000,QD,2005,11,12,   4.6886
238000,QD,2005,11,19,   4.7414
238000,QD,2005,11,26,   4.3329
238000,QD,2005,12,03,   4.5429
238000,QD,2005,12,10,   5.3029
238000,QD,2005,12,17,   8.8043
238000,QD,2005,12,24,   10.7186
238000,QD,2005,12,31,   6.3957
238000,QD,2006,01,07,   5.0414
238000,QD,2006,01,14,   4.8229
238000,QD,2006,01,21,   7.1086
238000,QD,2006,01,28,   8.2786
238000,QD,2006,02,04,   5.1071
238000,QD,2006,02,11,   4.9814
238000,QD,2006,02,18,   5.8057
238000,QD,2006,02,25,   5.0214
238000,QD,2006,03,04,   4.9129
238000,QD,2006,03,11,   5.5100
238000,QD,2006,03,18,   6.3600
238000,QD,2006,03,25,   30.8529
238000,QD,2006,04,01,   32.5429
238000,QD,2006,04,08,   10.3157
238000,QD,2006,04,15,   8.7086
238000,QD,2006,04,22,   6.0829
238000,QD,2006,04,29,   5.3357
238000,QD,2006,05,06,   4.6343
238000,QD,2006,05,13,   4.4343
238000,QD,2006,05,20,   4.4129
238000,QD,2006,05,27,   4.9143
238000,QD,2006,06,03,   4.4786
238000,QD,2006,06,10,   4.3286
238000,QD,2006,06,17,   4.0743
238000,QD,2006,06,24,   3.7743
238000,QD,2006,07,01,   3.5429
238000,QD,2006,07,08,   3.5629
238000,QD,2006,07,15,   3.4486
238000,QD,2006,07,22,   3.4043
238000,QD,2006,07,29,   3.4457
238000,QD,2006,08,05,   4.6157
238000,QD,2006,08,12,   3.6529
238000,QD,2006,08,19,   3.5971
238000,QD,2006,08,26,   4.4271
238000,QD,2006,09,02,   3.9671
238000,QD,2006,09,09,   3.5057
238000,QD,2006,09,16,   3.4757
238000,QD,2006,09,23,   3.4157
238000,QD,2006,09,30,   4.5314
238000,QD,2006,10,07,   4.6057
238000,QD,2006,10,14,   4.6871
238000,QD,2006,10,21,   3.7229
238000,QD,2006,10,28,   5.0814
238000,QD,2006,11,04,   6.8314
238000,QD,2006,11,11,   7.7014
238000,QD,2006,11,18,   5.1029
238000,QD,2006,11,25,   4.2571
238000,QD,2006,12,02,   4.2014
238000,QD,2006,12,09,   5.9271
238000,QD,2006,12,16,   4.9871
238000,QD,2006,12,23,   4.3529
238000,QD,2006,12,30,   5.5700
238000,QD,2007,01,06,   7.1086
238000,QD,2007,01,13,   5.9000
238000,QD,2007,01,20,   7.0771
238000,QD,2007,01,27,   12.5900
238000,QD,2007,02,03,   10.1114
238000,QD,2007,02,10,   11.5229
238000,QD,2007,02,17,   11.1043
238000,QD,2007,02,24,   9.1929
238000,QD,2007,03,03,   10.6743
238000,QD,2007,03,10,   7.0200
238000,QD,2007,03,17,   5.8814
238000,QD,2007,03,24,   5.5743
238000,QD,2007,03,31,   4.4543
238000,QD,2007,04,07,   4.1314
238000,QD,2007,04,14,   3.9543
238000,QD,2007,04,21,   3.8257
238000,QD,2007,04,28,   3.6571
238000,QD,2007,05,05,   3.8886
238000,QD,2007,05,12,   4.3557
238000,QD,2007,05,19,   4.0143
238000,QD,2007,05,26,   3.8643
238000,QD,2007,06,02,   4.0071
238000,QD,2007,06,09,   3.7071
238000,QD,2007,06,16,   3.5700
238000,QD,2007,06,23,   3.6514
238000,QD,2007,06,30,   3.5629
238000,QD,2007,07,07,   3.4971
238000,QD,2007,07,14,   3.3429
238000,QD,2007,07,21,   3.4614
238000,QD,2007,07,28,   3.3757
238000,QD,2007,08,04,   3.2957
238000,QD,2007,08,11,   3.5171
238000,QD,2007,08,18,   4.2557
238000,QD,2007,08,25,   3.4757
238000,QD,2007,09,01,   3.3329
238000,QD,2007,09,08,   3.8814
238000,QD,2007,09,15,   3.5343
238000,QD,2007,09,22,   3.7471
238000,QD,2007,09,29,   5.3957
238000,QD,2007,10,06,   4.6586
238000,QD,2007,10,13,   4.5343
238000,QD,2007,10,20,   4.6457
238000,QD,2007,10,27,   4.3343
238000,QD,2007,11,03,   5.7357
238000,QD,2007,11,10,   8.3229
238000,QD,2007,11,17,   6.7314
238000,QD,2007,11,24,   6.5857
238000,QD,2007,12,01,   11.2800
238000,QD,2007,12,08,   12.3571
238000,QD,2007,12,15,   5.9286
238000,QD,2007,12,22,   4.7471
238000,QD,2007,12,29,   4.1829
238000,QD,2008,01,05,   3.6886
238000,QD,2008,01,12,   4.3029
238000,QD,2008,01,19,   17.1171
238000,QD,2008,01,26,   11.3657
238000,QD,2008,02,02,   7.3200
238000,QD,2008,02,09,   6.0486
238000,QD,2008,02,16,   4.9743
238000,QD,2008,02,23,   5.1343
238000,QD,2008,03,01,   10.9986
238000,QD,2008,03,08,   6.4043
238000,QD,2008,03,15,   6.4914
238000,QD,2008,03,22,   7.1614
238000,QD,2008,03,29,   6.2514
238000,QD,2008,04,05,   6.9871
238000,QD,2008,04,12,   6.9871
238000,QD,2008,04,19,   5.9371
238000,QD,2008,04,26,   5.3014
238000,QD,2008,05,03,   4.5771
238000,QD,2008,05,10,   3.9586
238000,QD,2008,05,17,   3.7257
238000,QD,2008,05,24,   3.0586
238000,QD,2008,05,31,   3.2629
238000,QD,2008,06,07,   3.0757
238000,QD,2008,06,14,   3.1929
238000,QD,2008,06,21,   3.1243
238000,QD,2008,06,28,   2.5686
238000,QD,2008,07,05,   2.7200
238000,QD,2008,07,12,   3.3843
238000,QD,2008,07,19,   2.9157
238000,QD,2008,07,26,   2.6000
238000,QD,2008,08,02,   2.3814
238000,QD,2008,08,09,   2.4900
238000,QD,2008,08,16,   2.5786
238000,QD,2008,08,23,   3.2543
238000,QD,2008,08,30,   2.7314
238000,QD,2008,09,06,   2.6114
238000,QD,2008,09,13,   2.4700
238000,QD,2008,09,20,   2.6500
238000,QD,2008,09,27,   3.8014
238000,QD,2008,10,04,   4.2214
238000,QD,2008,10,11,   4.3200
238000,QD,2008,10,18,   4.0343
238000,QD,2008,10,25,   5.5757
238000,QD,2008,11,01,   6.1300
238000,QD,2008,11,08,   6.3643
238000,QD,2008,11,15,   5.6100
238000,QD,2008,11,22,   6.6300
238000,QD,2008,11,29,   6.1157
238000,QD,2008,12,06,   4.9557
238000,QD,2008,12,13,   7.5057
238000,QD,2008,12,20,   7.4457
238000,QD,2008,12,27,   5.4971
238000,QD,2009,01,03,   4.6514
238000,QD,2009,01,10,   4.2657
238000,QD,2009,01,17,   4.4800
238000,QD,2009,01,24,   4.5043
238000,QD,2009,01,31,   4.5629
238000,QD,2009,02,07,   5.4386
238000,QD,2009,02,14,   4.4600
238000,QD,2009,02,21,   6.0071
238000,QD,2009,02,28,   22.4000
238000,QD,2009,03,07,   17.9714
238000,QD,2009,03,14,   14.5286
238000,QD,2009,03,21,   10.3800
238000,QD,2009,03,28,   8.1214
238000,QD,2009,04,04,   5.8771
238000,QD,2009,04,11,   4.4629
238000,QD,2009,04,18,   4.0314
238000,QD,2009,04,25,   3.7271
238000,QD,2009,05,02,   3.7686
238000,QD,2009,05,09,   3.8600
238000,QD,2009,05,16,   3.7486
238000,QD,2009,05,23,   5.1071
238000,QD,2009,05,30,   5.2986
238000,QD,2009,06,06,   4.2686
238000,QD,2009,06,13,   4.3314
238000,QD,2009,06,20,   5.0743
238000,QD,2009,06,27,   5.2514
238000,QD,2009,07,04,   6.0171
238000,QD,2009,07,11,   4.3071
238000,QD,2009,07,18,   7.1129
238000,QD,2009,07,25,   4.9614
238000,QD,2009,08,01,   3.8686
238000,QD,2009,08,08,   3.4986
238000,QD,2009,08,15,   3.6000
238000,QD,2009,08,22,   3.5129
238000,QD,2009,08,29,   3.2429
238000,QD,2009,09,05,   3.2629
238000,QD,2009,09,12,   3.2714
238000,QD,2009,09,19,   3.2586
238000,QD,2009,09,26,   3.2629
238000,QD,2009,10,03,   3.8100
238000,QD,2009,10,10,   5.1500
238000,QD,2009,10,17,   5.9886
238000,QD,2009,10,24,   5.6729
238000,QD,2009,10,31,   4.5371
238000,QD,2009,11,07,   3.8814
238000,QD,2009,11,14,   4.2371
238000,QD,2009,11,21,   4.1257
238000,QD,2009,11,28,   3.9043
238000,QD,2009,12,05,   5.2814
238000,QD,2009,12,12,   5.2886
238000,QD,2009,12,19,   4.9514
238000,QD,2009,12,26,   5.6900
238000,QD,2010,01,02,   6.6114
238000,QD,2010,01,09,   5.2100
238000,QD,2010,01,16,   5.0386
238000,QD,2010,01,23,   4.7457
238000,QD,2010,01,30,   4.9171
238000,QD,2010,02,06,   4.8114
238000,QD,2010,02,13,   4.7971
238000,QD,2010,02,20,   9.8571
238000,QD,2010,02,27,   18.3000
238000,QD,2010,03,06,   8.1114
238000,QD,2010,03,13,   9.1957
238000,QD,2010,03,20,   19.3286
238000,QD,2010,03,27,   14.0300
238000,QD,2010,04,03,   5.7600
238000,QD,2010,04,10,   5.0129
238000,QD,2010,04,17,   4.3386
238000,QD,2010,04,24,   3.8186
238000,QD,2010,05,01,   5.4143
238000,QD,2010,05,08,   6.3300
238000,QD,2010,05,15,   5.3271
238000,QD,2010,05,22,   6.6671
238000,QD,2010,05,29,   6.2743
238000,QD,2010,06,05,   5.7043
238000,QD,2010,06,12,   4.4900
238000,QD,2010,06,19,   3.7743
238000,QD,2010,06,26,   3.3014
238000,QD,2010,07,03,   3.4071
238000,QD,2010,07,10,   3.2486
238000,QD,2010,07,17,   3.6014
238000,QD,2010,07,24,   4.5443
238000,QD,2010,07,31,   6.2600
238000,QD,2010,08,07,   56.5000
238000,QD,2010,08,14,   22.7143
238000,QD,2010,08,21,   9.8000
238000,QD,2010,08,28,   15.6143
238000,QD,2010,09,04,   8.1586
238000,QD,2010,09,11,   6.6743
238000,QD,2010,09,18,   5.9600
238000,QD,2010,09,25,   36.7314
238000,QD,2010,10,02,   16.5714
238000,QD,2010,10,09,   8.4500
238000,QD,2010,10,16,   7.6000
238000,QD,2010,10,23,   6.1500
238000,QD,2010,10,30,   5.2357
238000,QD,2010,11,06,   8.5786
238000,QD,2010,11,13,   8.0414
238000,QD,2010,11,20,   12.5657
238000,QD,2010,11,27,   9.2314
238000,QD,2010,12,04,   9.0343
238000,QD,2010,12,11,   16.2857
238000,QD,2010,12,18,   10.5771
238000,QD,2010,12,25,   12.4314
238000,QD,2011,01,01,   8.9114
238000,QD,2011,01,08,   22.2143
238000,QD,2011,01,15,   33.7286
238000,QD,2011,01,22,   11.6143
238000,QD,2011,01,29,   8.3157
238000,QD,2011,02,05,   13.1486
238000,QD,2011,02,12,   11.6757
238000,QD,2011,02,19,   7.5200
238000,QD,2011,02,26,   6.8786
238000,QD,2011,03,05,   6.7871
238000,QD,2011,03,12,   9.1243
238000,QD,2011,03,19,   11.9457
238000,QD,2011,03,26,   7.6914
238000,QD,2011,04,02,   7.1843
238000,QD,2011,04,09,   6.9871
238000,QD,2011,04,16,   6.4129
238000,QD,2011,04,23,   5.7157
238000,QD,2011,04,30,   6.0471
238000,QD,2011,05,07,   5.3286
238000,QD,2011,05,14,   5.2586
238000,QD,2011,05,21,   4.8600
238000,QD,2011,05,28,   4.8229
238000,QD,2011,06,04,   4.8829
238000,QD,2011,06,11,   4.8543
238000,QD,2011,06,18,   5.4871
238000,QD,2011,06,25,   4.7943
238000,QD,2011,07,02,   6.4743
238000,QD,2011,07,09,   4.8514
238000,QD,2011,07,16,   7.2529
238000,QD,2011,07,23,   11.2843
238000,QD,2011,07,30,   7.3671
238000,QD,2011,08,06,   6.1543
238000,QD,2011,08,13,   6.1786
238000,QD,2011,08,20,   7.4171
238000,QD,2011,08,27,   7.3143
238000,QD,2011,09,03,   6.2271
238000,QD,2011,09,10,   5.8357
238000,QD,2011,09,17,   6.8314
238000,QD,2011,09,24,   6.0129
238000,QD,2011,10,01,   5.8857
238000,QD,2011,10,08,   7.5043
238000,QD,2011,10,15,   6.5471
238000,QD,2011,10,22,   6.8986
238000,QD,2011,10,29,   6.6614
238000,QD,2011,11,05,   6.9700
238000,QD,2011,11,12,   5.0543
238000,QD,2011,11,19,   4.7586
238000,QD,2011,11,26,   4.2386
238000,QD,2011,12,03,   7.0157
238000,QD,2011,12,10,   7.0786
238000,QD,2011,12,17,   10.1043
238000,QD,2011,12,24,   11.4714
238000,QD,2011,12,31,   11.9271
238000,QD,2012,01,07,   20.2286
238000,QD,2012,01,14,   11.8757
238000,QD,2012,01,21,   17.4571
238000,QD,2012,01,28,   8.1400
238000,QD,2012,02,04,   6.4986
238000,QD,2012,02,11,   6.1486
238000,QD,2012,02,18,   12.2329
238000,QD,2012,02,25,   38.7000
238000,QD,2012,03,03,   17.1429
238000,QD,2012,03,10,   10.2714
238000,QD,2012,03,17,   8.0600
238000,QD,2012,03,24,   6.9557
238000,QD,2012,03,31,   6.4057
238000,QD,2012,04,07,   6.4643
238000,QD,2012,04,14,   6.7843
238000,QD,2012,04,21,   6.2286
238000,QD,2012,04,28,   5.7071
238000,QD,2012,05,05,   5.5900
238000,QD,2012,05,12,   4.9071
238000,QD,2012,05,19,   4.6057
238000,QD,2012,05,26,   3.9000
238000,QD,2012,06,02,   3.8857
238000,QD,2012,06,09,   4.2257
238000,QD,2012,06,16,   4.2257
238000,QD,2012,06,23,   4.1500
238000,QD,2012,06,30,   5.5800
238000,QD,2012,07,07,   7.5529
238000,QD,2012,07,14,   5.9214
238000,QD,2012,07,21,   4.2386
238000,QD,2012,07,28,   4.2414
238000,QD,2012,08,04,   3.8043
238000,QD,2012,08,11,   3.6857
238000,QD,2012,08,18,   3.7986
238000,QD,2012,08,25,   3.9771
238000,QD,2012,09,01,   5.2686
238000,QD,2012,09,08,   4.1929
238000,QD,2012,09,15,   4.3586
238000,QD,2012,09,22,   4.6029
238000,QD,2012,09,29,   4.9043
238000,QD,2012,10,06,   4.7771
238000,QD,2012,10,13,   5.0914
238000,QD,2012,10,20,   4.7971
238000,QD,2012,10,27,   5.3971
238000,QD,2012,11,03,   6.7057
238000,QD,2012,11,10,   5.8729
238000,QD,2012,11,17,   5.2914
238000,QD,2012,11,24,   5.9400
238000,QD,2012,12,01,   6.8371
238000,QD,2012,12,08,   4.6900
238000,QD,2012,12,15,   7.6686
238000,QD,2012,12,22,   10.8414
238000,QD,2012,12,29,   10.0171
238000,QD,2013,01,05,   20.5000
238000,QD,2013,01,12,   11.7929
238000,QD,2013,01,19,   7.9443
238000,QD,2013,01,26,   12.8714
238000,QD,2013,02,02,   16.5429
238000,QD,2013,02,09,   8.8186
238000,QD,2013,02,16,   7.5271
238000,QD,2013,02,23,   9.6800
238000,QD,2013,03,02,   10.8257
238000,QD,2013,03,09,   11.9743
238000,QD,2013,03,16,   8.5600
238000,QD,2013,03,23,   7.1286
238000,QD,2013,03,30,   6.6886
238000,QD,2013,04,06,   7.2157
238000,QD,2013,04,13,   10.1871
238000,QD,2013,04,20,   7.5029
238000,QD,2013,04,27,   6.2429
238000,QD,2013,05,04,   6.7100
238000,QD,2013,05,11,   7.8300
238000,QD,2013,05,18,   5.6100
238000,QD,2013,05,25,   9.2700
238000,QD,2013,06,01,   36.0429
238000,QD,2013,06,08,   13.7643
238000,QD,2013,06,15,   6.2700
238000,QD,2013,06,22,   11.5257
238000,QD,2013,06,29,   7.8929
238000,QD,2013,07,06,   5.7900
238000,QD,2013,07,13,   4.8957
238000,QD,2013,07,20,   4.3457
238000,QD,2013,07,27,   5.6314
238000,QD,2013,08,03,   7.8500
238000,QD,2013,08,10,   6.0271
238000,QD,2013,08,17,   4.7700
238000,QD,2013,08,24,   4.3943
238000,QD,2013,08,31,   4.6043
238000,QD,2013,09,07,   4.9743
238000,QD,2013,09,14,   5.3971
238000,QD,2013,09,21,   6.0529
238000,QD,2013,09,28,   5.7643
238000,QD,2013,10,05,   6.1057
238000,QD,2013,10,12,   13.0771
238000,QD,2013,10,19,   7.9971
238000,QD,2013,10,26,   6.6129
238000,QD,2013,11,02,   7.6100
238000,QD,2013,11,09,   8.1914
238000,QD,2013,11,16,   6.7457
238000,QD,2013,11,23,   6.2371
238000,QD,2013,11,30,   7.4971
238000,QD,2013,12,07,   12.4557
238000,QD,2013,12,14,   8.1514
238000,QD,2013,12,21,   7.0886
238000,QD,2013,12,28,   6.3429
238000,QD,2014,01,04,   7.0171
238000,QD,2014,01,11,   7.2757
238000,QD,2014,01,18,   6.5886
238000,QD,2014,01,25,   5.7743
238000,QD,2014,02,01,   5.7300
238000,QD,2014,02,08,   5.8514
238000,QD,2014,02,15,   5.5286
238000,QD,2014,02,22,   5.3600
238000,QD,2014,03,01,   5.2357
238000,QD,2014,03,08,   5.0043
238000,QD,2014,03,15,   5.1357
238000,QD,2014,03,22,   7.1657
238000,QD,2014,03,29,   5.4171
238000,QD,2014,04,05,   4.9786
238000,QD,2014,04,12,   4.9329
238000,QD,2014,04,19,   4.6571
238000,QD,2014,04,26,   5.0586
238000,QD,2014,05,03,   4.5229
238000,QD,2014,05,10,   4.5571
238000,QD,2014,05,17,   5.1800
238000,QD,2014,05,24,   6.8114
238000,QD,2014,05,31,   5.1043
238000,QD,2014,06,07,   4.1057
238000,QD,2014,06,14,   3.9400
238000,QD,2014,06,21,   3.9157
238000,QD,2014,06,28,   3.7571
238000,QD,2014,07,05,   4.1486
238000,QD,2014,07,12,   4.0857
238000,QD,2014,07,19,   3.6914
238000,QD,2014,07,26,   4.2286
238000,QD,2014,08,02,   4.9857
238000,QD,2014,08,09,   3.7771
238000,QD,2014,08,16,   3.7786
238000,QD,2014,08,23,   3.5357
238000,QD,2014,08,30,   4.2771
238000,QD,2014,09,06,   3.8243
238000,QD,2014,09,13,   4.3071
238000,QD,2014,09,20,   5.4357
238000,QD,2014,09,27,   6.1071
238000,QD,2014,10,04,   6.8186
238000,QD,2014,10,11,   6.7829
238000,QD,2014,10,18,   6.5843
238000,QD,2014,10,25,   6.3500
238000,QD,2014,11,01,   6.3357
238000,QD,2014,11,08,   6.2686
238000,QD,2014,11,15,   5.5571
238000,QD,2014,11,22,   4.1043
238000,QD,2014,11,29,   4.0586
238000,QD,2014,12,06,   3.9700
238000,QD,2014,12,13,   4.5971
238000,QD,2014,12,20,   5.7829
238000,QD,2014,12,27,   5.0543
238000,QD,2015,01,03,   7.1300
238000,QD,2015,01,10,   18.2714
238000,QD,2015,01,17,   7.5243
238000,QD,2015,01,24,   6.8143
238000,QD,2015,01,31,   5.9586
238000,QD,2015,02,07,   6.1271
238000,QD,2015,02,14,   5.6600
238000,QD,2015,02,21,   5.1814
238000,QD,2015,02,28,   4.9957
238000,QD,2015,03,07,   4.8286
238000,QD,2015,03,14,   4.7914
238000,QD,2015,03,21,   4.6057
238000,QD,2015,03,28,   8.5800
238000,QD,2015,04,04,   8.5214
238000,QD,2015,04,11,   6.2414
238000,QD,2015,04,18,   4.7057
238000,QD,2015,04,25,   5.7557
238000,QD,2015,05,02,   5.0857
238000,QD,2015,05,09,   4.3786
238000,QD,2015,05,16,   3.4214
238000,QD,2015,05,23,   3.1200
238000,QD,2015,05,30,   2.9643
238000,QD,2015,06,06,   3.1857
238000,QD,2015,06,13,   3.0029
238000,QD,2015,06,20,   3.4329
238000,QD,2015,06,27,   2.8429
238000,QD,2015,07,04,   2.8571
238000,QD,2015,07,11,   3.0971
238000,QD,2015,07,18,   2.9571
238000,QD,2015,07,25,   3.1229
238000,QD,2015,08,01,   2.8686
238000,QD,2015,08,08,   2.4614
238000,QD,2015,08,15,   5.5543
238000,QD,2015,08,22,   3.1071
238000,QD,2015,08,29,   2.9829
238000,QD,2015,09,05,   2.9586
238000,QD,2015,09,12,   2.9514
238000,QD,2015,09,19,   2.9800
238000,QD,2015,09,26,   3.3171
238000,QD,2015,10,03,   4.8529
238000,QD,2015,10,10,   5.2843
238000,QD,2015,10,17,   5.9686
238000,QD,2015,10,24,   5.0829
238000,QD,2015,10,31,   4.3571
238000,QD,2015,11,07,   4.7886
238000,QD,2015,11,14,   9.4343
238000,QD,2015,11,21,   8.3029
238000,QD,2015,11,28,   9.3371
238000,QD,2015,12,05,   6.7000
238000,QD,2015,12,12,   6.2114
238000,QD,2015,12,19,   6.6086
238000,QD,2015,12,26,   5.2486
238000,QD,2016,01,02,   4.6343
238000,QD,2016,01,09,   6.2714
238000,QD,2016,01,16,   5.6529
238000,QD,2016,01,23,   9.1129
238000,QD,2016,01,30,   12.1857
238000,QD,2016,02,06,   8.9600
238000,QD,2016,02,13,   7.4871
238000,QD,2016,02,20,   11.1971
238000,QD,2016,02,27,   9.3457
238000,QD,2016,03,05,   9.7329
238000,QD,2016,03,12,   7.1943
238000,QD,2016,03,19,   5.7457
238000,QD,2016,03,26,   5.2929
238000,QD,2016,04,02,   5.4529
238000,QD,2016,04,09,   5.4957
238000,QD,2016,04,16,   5.3100
238000,QD,2016,04,23,   4.9029
238000,QD,2016,04,30,   4.5743
238000,QD,2016,05,07,   4.1071
238000,QD,2016,05,14,   3.8129
238000,QD,2016,05,21,   3.7171
238000,QD,2016,05,28,   5.0757
238000,QD,2016,06,04,   4.2029
238000,QD,2016,06,11,   4.8829
238000,QD,2016,06,18,   7.0457
238000,QD,2016,06,25,   5.4271
238000,QD,2016,07,02,   4.9314
238000,QD,2016,07,09,   4.7314
238000,QD,2016,07,16,   5.0043
238000,QD,2016,07,23,   5.1643
238000,QD,2016,07,30,   4.9500
238000,QD,2016,08,06,   5.0929
238000,QD,2016,08,13,   4.0143
238000,QD,2016,08,20,   4.3557
238000,QD,2016,08,27,   3.6129
238000,QD,2016,09,03,   3.6386
238000,QD,2016,09,10,   3.5200
238000,QD,2016,09,17,   4.6557
238000,QD,2016,09,24,   4.1271
238000,QD,2016,10,01,   6.4000
238000,QD,2016,10,08,   6.9900
238000,QD,2016,10,15,   6.1586
238000,QD,2016,10,22,   6.7557
238000,QD,2016,10,29,   5.4714
238000,QD,2016,11,05,   4.9671
238000,QD,2016,11,12,   5.0043
238000,QD,2016,11,19,   5.9671
238000,QD,2016,11,26,   5.1686
238000,QD,2016,12,03,   5.3257
238000,QD,2016,12,10,   6.1986
238000,QD,2016,12,17,   4.9543
238000,QD,2016,12,24,   8.9800
238000,QD,2016,12,31,   7.6686
238000,QD,2017,01,07,   6.1500
238000,QD,2017,01,14,   5.3071
238000,QD,2017,01,21,   4.3700
238000,QD,2017,01,28,   3.3371
238000,QD,2017,02,04,   4.4314
238000,QD,2017,02,11,   3.8943
238000,QD,2017,02,18,   24.0757
238000,QD,2017,02,25,   16.8571
238000,QD,2017,03,04,   9.4029
238000,QD,2017,03,11,   10.5443
238000,QD,2017,03,18,   11.2786
238000,QD,2017,03,25,   6.2229
238000,QD,2017,04,01,   6.4929
238000,QD,2017,04,08,   6.9886
238000,QD,2017,04,15,   5.5900
238000,QD,2017,04,22,   5.0086
238000,QD,2017,04,29,   4.8471
238000,QD,2017,05,06,   4.5929
238000,QD,2017,05,13,   5.4529
238000,QD,2017,05,20,   4.0014
238000,QD,2017,05,27,   3.6657
238000,QD,2017,06,03,   3.6900
238000,QD,2017,06,10,   3.4829
238000,QD,2017,06,17,   3.6429
238000,QD,2017,06,24,   4.3029
238000,QD,2017,07,01,   4.0700
238000,QD,2017,07,08,   4.0471
238000,QD,2017,07,15,   3.7929
238000,QD,2017,07,22,   4.5329
238000,QD,2017,07,29,   4.1743
238000,QD,2017,08,05,   3.7943
238000,QD,2017,08,12,   4.0114
238000,QD,2017,08,19,   3.8943
238000,QD,2017,08,26,   3.7371
238000,QD,2017,09,02,   4.0757
238000,QD,2017,09,09,   3.7714
238000,QD,2017,09,16,   3.8000
238000,QD,2017,09,23,   4.3143
238000,QD,2017,09,30,   5.3386
238000,QD,2017,10,07,   7.6686
238000,QD,2017,10,14,   4.9229
238000,QD,2017,10,21,   5.6186
238000,QD,2017,10,28,   10.0229
238000,QD,2017,11,04,   7.1357
238000,QD,2017,11,11,   7.0286
238000,QD,2017,11,18,   9.2957
238000,QD,2017,11,25,   8.3300
238000,QD,2017,12,02,   8.1114
238000,QD,2017,12,09,   7.1357
238000,QD,2017,12,16,   7.5857
238000,QD,2017,12,23,   11.3700
238000,QD,2017,12,30,   12.9443
238000,QD,2018,01,06,   13.5529
238000,QD,2018,01,13,   8.0057
238000,QD,2018,01,20,   8.5500
238000,QD,2018,01,27,   10.0071
238000,QD,2018,02,03,   7.2457
238000,QD,2018,02,10,   5.9843
238000,QD,2018,02,17,   5.1900
238000,QD,2018,02,24,   4.6943
238000,QD,2018,03,03,   4.6786
238000,QD,2018,03,10,   6.4657
238000,QD,2018,03,17,   5.4600
238000,QD,2018,03,24,   5.5186
238000,QD,2018,03,31,   6.5214
238000,QD,2018,04,07,   4.8557
238000,QD,2018,04,14,   5.6157
238000,QD,2018,04,21,   5.8343
238000,QD,2018,04,28,   4.2114
238000,QD,2018,05,05,   3.5614
238000,QD,2018,05,12,   3.6657
238000,QD,2018,05,19,   3.7800
238000,QD,2018,05,26,   3.3771
238000,QD,2018,06,02,   3.1900
238000,QD,2018,06,09,   4.1429
238000,QD,2018,06,16,   3.1229
238000,QD,2018,06,23,   3.0871
238000,QD,2018,06,30,   2.8457
238000,QD,2018,07,07,   2.8229
238000,QD,2018,07,14,   2.7043
238000,QD,2018,07,21,   2.5086
238000,QD,2018,07,28,   2.5057
238000,QD,2018,08,04,   2.7086
238000,QD,2018,08,11,   2.8029
238000,QD,2018,08,18,   2.8886
238000,QD,2018,08,25,   3.1871
238000,QD,2018,09,01,   3.0486
238000,QD,2018,09,08,   2.9414
238000,QD,2018,09,15,   2.9400
238000,QD,2018,09,22,   3.2700
238000,QD,2018,09,29,   3.5643
238000,QD,2018,10,06,   3.6071
238000,QD,2018,10,13,   3.3500
238000,QD,2018,10,20,   3.6786
238000,QD,2018,10,27,   4.2843
238000,QD,2018,11,03,   3.5900
238000,QD,2018,11,10,   3.5643
238000,QD,2018,11,17,   3.4243
238000,QD,2018,11,24,   3.4971
238000,QD,2018,12,01,   4.2686
238000,QD,2018,12,08,   5.6300
238000,QD,2018,12,15,   4.6400
238000,QD,2018,12,22,   8.6214
238000,QD,2018,12,29,   7.6500
238000,QD,2019,01,05,   11.0029
238000,QD,2019,01,12,   17.0271
238000,QD,2019,01,19,   7.6943
238000,QD,2019,01,26,   5.8443
238000,QD,2019,02,02,   5.4243
238000,QD,2019,02,09,   8.2929
238000,QD,2019,02,16,   8.4729
238000,QD,2019,02,23,   9.1343
238000,QD,2019,03,02,   8.4043
238000,QD,2019,03,09,   8.9971
238000,QD,2019,03,16,   11.8657
238000,QD,2019,03,23,   6.4129
238000,QD,2019,03,30,   5.2571
238000,QD,2019,04,06,   4.2929
238000,QD,2019,04,13,   3.9929
238000,QD,2019,04,20,   3.5743
238000,QD,2019,04,27,   3.8457
238000,QD,2019,05,04,   3.9186
238000,QD,2019,05,11,   3.7871
238000,QD,2019,05,18,   4.2957
238000,QD,2019,05,25,   5.7971
238000,QD,2019,06,01,   4.2229
238000,QD,2019,06,08,   4.2757
238000,QD,2019,06,15,   3.4300
238000,QD,2019,06,22,   2.7800
238000,QD,2019,06,29,   2.5300
238000,QD,2019,07,06,   2.6129
238000,QD,2019,07,13,   3.3357
238000,QD,2019,07,20,   3.0071
238000,QD,2019,07,27,   2.7843
238000,QD,2019,08,03,   2.8314
238000,QD,2019,08,10,   2.9586
238000,QD,2019,08,17,   3.0714
238000,QD,2019,08,24,   2.8057
238000,QD,2019,08,31,   2.6800
238000,QD,2019,09,07,   3.1543
238000,QD,2019,09,14,   2.9929
238000,QD,2019,09,21,   3.0686
238000,QD,2019,09,28,   3.8071
238000,QD,2019,10,05,   4.9886
238000,QD,2019,10,12,   4.3971
238000,QD,2019,10,19,   4.0029
238000,QD,2019,10,26,   3.8857
238000,QD,2019,11,02,   4.5314
238000,QD,2019,11,09,   5.1071
238000,QD,2019,11,16,   4.9814
238000,QD,2019,11,23,   4.0614
238000,QD,2019,11,30,   3.5957
238000,QD,2019,12,07,   3.6557
238000,QD,2019,12,14,   4.1443
238000,QD,2019,12,21,   4.4214
238000,QD,2019,12,28,   4.1357
238000,QD,2020,01,04,   4.1957
238000,QD,2020,01,11,   4.4014
238000,QD,2020,01,18,   3.9186
238000,QD,2020,01,25,   4.0129
238000,QD,2020,02,01,   10.9814
238000,QD,2020,02,08,   8.4000
238000,QD,2020,02,15,   6.3600
238000,QD,2020,02,22,   8.8971
238000,QD,2020,02,29,   9.2543
238000,QD,2020,03,07,   9.5229
238000,QD,2020,03,14,   7.5014
238000,QD,2020,03,21,   4.9843
238000,QD,2020,03,28,   4.1943
238000,QD,2020,04,04,   3.7643
238000,QD,2020,04,11,   3.1800
238000,QD,2020,04,18,   2.9971
238000,QD,2020,04,25,   3.0243
238000,QD,2020,05,02,   3.3986
238000,QD,2020,05,09,   3.5329
238000,QD,2020,05,16,   3.0300
238000,QD,2020,05,23,   3.4686
238000,QD,2020,05,30,   2.8886
238000,QD,2020,06,06,   2.8357
238000,QD,2020,06,13,   3.3014
238000,QD,2020,06,20,   5.0686
238000,QD,2020,06,27,   3.6329
238000,QD,2020,07,04,   2.8429
238000,QD,2020,07,11,   2.6514
238000,QD,2020,07,18,   2.5986
238000,QD,2020,07,25,   2.4814
238000,QD,2020,08,01,   2.5500
238000,QD,2020,08,08,   2.5200
238000,QD,2020,08,15,   2.7843
238000,QD,2020,08,22,   2.5557
238000,QD,2020,08,29,   3.2529
238000,QD,2020,09,05,   2.6529
238000,QD,2020,09,12,   2.4500
238000,QD,2020,09,19,   2.4314
238000,QD,2020,09,26,   4.6271
238000,QD,2020,10,03,   4.8271
238000,QD,2020,10,10,   5.5629
238000,QD,2020,10,17,   4.7057
238000,QD,2020,10,24,   3.5114
238000,QD,2020,10,31,   5.2700
238000,QD,2020,11,07,   3.8529
238000,QD,2020,11,14,   3.7414
238000,QD,2020,11,21,   3.7529
238000,QD,2020,11,28,   3.7000
238000,QD,2020,12,05,   3.5457
238000,QD,2020,12,12,   3.2257
238000,QD,2020,12,19,   4.0000
238000,QD,2020,12,26,   4.1283
